title,link,company,stacks
Software Developer,https://remotive.io/remote-jobs/software-dev/software-developer-19973,Alley interactive,"['javascript', 'php', 'wordpress']"
Senior Java Backend Engineer,https://remotive.io/remote-jobs/software-dev/senior-java-backend-engineer-19974,Parknav(US & Europe),"['backend', 'java']"
DevOps Engineer - Google Cloud,https://remotive.io/remote-jobs/software-dev/devops-engineer-google-cloud-19975,Barefoot Coders(US only),"['devops', 'google cloud']"
Software Engineer,https://remotive.io/remote-jobs/software-dev/software-engineer-19968,42 Technologies,"['sql', 'data']"
Rails Developer (Full-Stack),https://remotive.io/remote-jobs/software-dev/rails-developer-full-stack-19972,fournova,"['fullstack', 'web dev', 'Ruby on Rails']"
Lead Developer,https://remotive.io/remote-jobs/software-dev/lead-developer-19970,Blush,"['crypto', 'frontend', 'mobile apps']"
Front-End Engineer,https://remotive.io/remote-jobs/software-dev/front-end-engineer-19909,Dutchie,"['frontend', 'javascript']"
Senior iOS Swift Developer,https://remotive.io/remote-jobs/software-dev/senior-ios-swift-developer-19908,Done!,"['ios', 'swift', 'firebase']"
Senior Backend Engineer,https://remotive.io/remote-jobs/software-dev/senior-backend-engineer-19907,Casa(North America),"['backend', 'javascript', 'RESTful']"
Lead Developer,https://remotive.io/remote-jobs/software-dev/lead-developer-19906,Selfdecode(North & South America / Europe),"['javascript', 'databases']"
Senior JavaScript Developer,https://remotive.io/remote-jobs/software-dev/senior-javascript-developer-19903,Cypress.io,"['javascript', 'node.js']"
"Sr. Infrastructure Engineer, Data Administrator",https://remotive.io/remote-jobs/software-dev/sr-infrastructure-engineer-data-administrator-19901,Redox(US only),"['linux', 'sql', 'infrastructure']"
Lead PHP Developer,https://remotive.io/remote-jobs/software-dev/lead-php-developer-19868,SmarterQueue,"['php', 'UI/UX']"
Mobile React Native / FrontEnd (ReactJS),https://remotive.io/remote-jobs/software-dev/mobile-react-native-frontend-reactjs-19869,Syntx(US only),"['javascript', 'mobile', 'react native']"
Frontend Web Engineer,https://remotive.io/remote-jobs/software-dev/frontend-web-engineer-19870,Spruce(US only),"['frontend', 'web']"
Senior iOS Developer,https://remotive.io/remote-jobs/software-dev/senior-ios-developer-19913,Doist,"['ios', 'swift']"
UX Software Engineer,https://remotive.io/remote-jobs/software-dev/ux-software-engineer-19864,Aptible(North America),"['frontend', 'ux', 'web dev']"
Senior Software Engineer (Backend),https://remotive.io/remote-jobs/software-dev/senior-software-engineer-backend-19862,Airbase(US only),"['backend', 'python', 'web applications']"
Front-End Developer,https://remotive.io/remote-jobs/software-dev/front-end-developer-19846,MedStack(US & Canada),"['devops', 'frontend', 'ruby']"
WordPress Engineer,https://remotive.io/remote-jobs/software-dev/wordpress-engineer-19887,SkyVerge,"['javascript', 'react', 'wordpress']"
Software Engineer-Analytics,https://remotive.io/remote-jobs/software-dev/software-engineer-analytics-19768,Bevy Labs(North or South America),"['javascript', 'python', 'analytics']"
Engineering Manager,https://remotive.io/remote-jobs/software-dev/engineering-manager-19772,MixMax,"['javascript', 'react', 'management']"
Lead Front End Engineer,https://remotive.io/remote-jobs/software-dev/lead-front-end-engineer-19773,Blumira,"['frontend', 'react']"
Full Stack Software Engineer,https://remotive.io/remote-jobs/software-dev/full-stack-software-engineer-19848,Datasembly(US and Canada only),"['react', 'scala', 'spark']"
BI Engineer,https://remotive.io/remote-jobs/software-dev/bi-engineer-19833,TaxJar(US only),"['business intelligence', 'python', 'ETL']"
DevOps Engineer,https://remotive.io/remote-jobs/software-dev/devops-engineer-19767,Bevy Labs(North or South America),"['devops', 'docker', 'GCP']"
Sr. Software Engineer,https://remotive.io/remote-jobs/software-dev/sr-software-engineer-19760,include.io(US only),"['react', 'sql', 'jira']"
Software Engineer,https://remotive.io/remote-jobs/software-dev/software-engineer-19758,Paradi(US only),"['fullstack', 'python']"
Quality Assurance Engineer,https://remotive.io/remote-jobs/software-dev/quality-assurance-engineer-19769,BigBinary,"['javascript', 'QA', 'selenium']"
Customer Success Engineer,https://remotive.io/remote-jobs/software-dev/customer-success-engineer-19757,Hyphen(US only),"['node.js', 'B2B', 'Typescript']"
"Senior Software Engineer (Full-Stack, Node)",https://remotive.io/remote-jobs/software-dev/senior-software-engineer-full-stack-node-19756,Flyreel(US only),"['fullstack', 'javascript', 'node']"
Senior Software Engineer,https://remotive.io/remote-jobs/software-dev/senior-software-engineer-19755,PocketSuite(US only),"['android', 'mobile', 'Objective-C']"
System Administrator,https://remotive.io/remote-jobs/software-dev/system-administrator-19716,Sourcefabric,['sysadmin']
Ruby On Rails Engineers,https://remotive.io/remote-jobs/software-dev/ruby-on-rails-engineers-19713,Eezy,"['ror', 'Ruby on Rails']"
Senior Web Developer,https://remotive.io/remote-jobs/software-dev/senior-web-developer-19710,Launch Potato(USA),['web dev']
Backend Software Engineer,https://remotive.io/remote-jobs/software-dev/backend-software-engineer-19712,Webflow,"['backend', 'ecommerce']"
"Full-stack developer, founding team",https://remotive.io/remote-jobs/software-dev/full-stack-developer-founding-team-19718,PrimeFlow,[]
Senior Front-End Engineer,https://remotive.io/remote-jobs/software-dev/senior-front-end-engineer-19634,OhmConnect,['frontend']
Application Software Engineer,https://remotive.io/remote-jobs/software-dev/application-software-engineer-19055,planet,"['app dev', 'software development']"
Senior Software Developer - GO,https://remotive.io/remote-jobs/software-dev/senior-software-developer-go-19394,Form3(UK/EU Only),['go']
Senior Web Engineer,https://remotive.io/remote-jobs/software-dev/senior-web-engineer-19542,10up,"['javascript', 'php', 'wordpress']"
Junior Software Developer,https://remotive.io/remote-jobs/software-dev/junior-software-developer-19547,Formstack(US only),"['mySQL', 'php', 'OOP']"
Systems Engineer,https://remotive.io/remote-jobs/software-dev/systems-engineer-19543,Circonus,"['C', 'saas']"
System Engineer (f/m/*),https://remotive.io/remote-jobs/software-dev/system-engineer-f-m-19627,Frontastic GmbH(in/near Europe),"['cloud', 'paas', 'elk']"
Sr Ruby on Rails Developer,https://remotive.io/remote-jobs/software-dev/sr-ruby-on-rails-developer-19514,Akava(US only),['Ruby on Rails']
Senior Software Developer,https://remotive.io/remote-jobs/software-dev/senior-software-developer-19512,NearSure(Latin America),"['agile', 'Engineering']"
Sr Front-End (Angular) Developer,https://remotive.io/remote-jobs/software-dev/sr-front-end-angular-developer-19513,Akava(US only),"['frontend', 'angular']"
Backend Developer,https://remotive.io/remote-jobs/software-dev/backend-developer-19504,ScaleGrid(US only),"['backend', 'java', 'NoSQL']"
Salesforce Developer,https://remotive.io/remote-jobs/software-dev/salesforce-developer-19511,NearSure(Latin America),"['javascript', 'salesforce', 'apex']"
Software Engineer - Scala,https://remotive.io/remote-jobs/software-dev/software-engineer-scala-19502,Input Output(Europe),"['git', 'scala']"
Full Stack Developer (m/f/d),https://remotive.io/remote-jobs/software-dev/full-stack-developer-m-f-d-19501,GraphCMS,"['fullstack', 'javascript', 'web dev']"
Site Reliability Engineer/ DevOps Engineer,https://remotive.io/remote-jobs/software-dev/site-reliability-engineer-devops-engineer-19497,TeamSnap(US only),"['devops', 'kubernetes', 'SRE']"
Consulting Engineer,https://remotive.io/remote-jobs/software-dev/consulting-engineer-19495,Tyk(UK),"['devops', 'linux', 'STEM']"
Senior Software Developer,https://remotive.io/remote-jobs/software-dev/senior-software-developer-19496,scite(US only),"['javascript', 'python', 'react/redux']"
Senior Software Engineer in Test,https://remotive.io/remote-jobs/software-dev/senior-software-engineer-in-test-19500,Unite Us(US only),"['agile', 'QA']"
Customer Success Engineer,https://remotive.io/remote-jobs/software-dev/customer-success-engineer-19483,AIven(North America),"['customer support', 'java', 'python']"
Software Engineer,https://remotive.io/remote-jobs/software-dev/software-engineer-19444,TeamSnap(US only),"['ruby', 'agile', 'web applications']"
Software Engineer — Full-Stack,https://remotive.io/remote-jobs/software-dev/software-engineer-full-stack-19482,0x,['fullstack']
Tech Lead (Frontend),https://remotive.io/remote-jobs/software-dev/tech-lead-frontend-19490,"Piktochart(Asia, Australia, Europe)","['frontend', 'react js', 'vue.js']"
Full-stack Typescript Software Engineer,https://remotive.io/remote-jobs/software-dev/full-stack-typescript-software-engineer-19326,CrazyGames,"['fullstack', 'Typescript']"
Software Engineer,https://remotive.io/remote-jobs/software-dev/software-engineer-19344,Patients Know Best,"['devops', 'data', 'web applications']"
Backend Engineer,https://remotive.io/remote-jobs/software-dev/backend-engineer-19298,Sourceress,"['backend', 'postgresql', 'python']"
Engineering Manager,https://remotive.io/remote-jobs/software-dev/engineering-manager-19324,CB Insights(US only),"['go', 'javascript', 'python']"
QA Engineer,https://remotive.io/remote-jobs/software-dev/qa-engineer-19300,Brave Software(US or Canada),"['javascript', 'QA', 'web']"
Developer Relations Engineer,https://remotive.io/remote-jobs/software-dev/developer-relations-engineer-19295,Celo,['Engineering']
Full Stack Engineer,https://remotive.io/remote-jobs/software-dev/full-stack-engineer-19294,Open Collective,"['fullstack', 'graphql', 'javascript']"
Application Engineer,https://remotive.io/remote-jobs/software-dev/application-engineer-19293,OpenLaw,"['javascript', 'API Design']"
Senior Clojure/Clojurescript Developer,https://remotive.io/remote-jobs/software-dev/senior-clojure-clojurescript-developer-19289,LifeCheq(UTC+2),"['clojure', 'ClojureScript']"
"Senior Software Engineer, DevOps",https://remotive.io/remote-jobs/software-dev/senior-software-engineer-devops-19290,Avant(US only),"['devops', 'golang', 'python']"
Software Developer,https://remotive.io/remote-jobs/software-dev/software-developer-19291,Analyst Platform(US only),"['fullstack', 'java']"
Engineering Manager,https://remotive.io/remote-jobs/software-dev/engineering-manager-19240,Segovia Technology(US only),"['fullstack', 'management']"
"Lead Software Engineer, Mobile",https://remotive.io/remote-jobs/software-dev/lead-software-engineer-mobile-19238,Valora Group(Europe),"['android', 'ios', 'mobile']"
Android Software Developer,https://remotive.io/remote-jobs/software-dev/android-software-developer-19241,FotoQuirk(US timezones),"['android', 'C++', 'java']"
Senior iOS Engineer,https://remotive.io/remote-jobs/software-dev/senior-ios-engineer-19234,Pitch,"['ios', 'CI/CD']"
Software Engineer,https://remotive.io/remote-jobs/software-dev/software-engineer-19231,Citymapper,"['C++', 'go', 'python']"
Full Stack Developer,https://remotive.io/remote-jobs/software-dev/full-stack-developer-19233,SilviaTerra(US only),"['fullstack', 'linux', 'python']"
Full-Stack Developer,https://remotive.io/remote-jobs/software-dev/full-stack-developer-19216,Nimble,"['frontend', 'fullstack', 'react']"
Software Engineer - Cloud Services Backend,https://remotive.io/remote-jobs/software-dev/software-engineer-cloud-services-backend-19228,Hashi Corp(US only),"['backend', 'cloud']"
Quality Assurance Engineer,https://remotive.io/remote-jobs/software-dev/quality-assurance-engineer-19215,Emptor(US timezones),"['AWS', 'python', 'QA']"
PHP Developer,https://remotive.io/remote-jobs/software-dev/php-developer-19208,Awesome Motive,"['javascript', 'php', 'web']"
Senior Software Engineer,https://remotive.io/remote-jobs/software-dev/senior-software-engineer-19159,LeadCandy(US timezones),"['saas', 'laravel', 'PHP7']"
iOS Developer,https://remotive.io/remote-jobs/software-dev/ios-developer-19160,Zuper,"['ios', 'ui', 'RxSwift']"
Backend & API Engineer,https://remotive.io/remote-jobs/software-dev/backend-api-engineer-19170,Constructor.io,"['api', 'backend']"
Senior Front-End Engineer,https://remotive.io/remote-jobs/software-dev/senior-front-end-engineer-20051,Circuit,"['frontend', 'javascript', 'saas']"
Mobile Engineer (iOS / Swift / React Native),https://remotive.io/remote-jobs/software-dev/mobile-engineer-ios-swift-react-native-19117,Peerspace(US timezones),"['ios', 'mobile', 'swift']"
"Staff Software Engineer, Learning Team",https://remotive.io/remote-jobs/software-dev/staff-software-engineer-learning-team-19106,Gatsby(UTC-8 to UTC+4),"['CSS', 'html', 'javascript']"
Core Systems Integration Developer,https://remotive.io/remote-jobs/software-dev/core-systems-integration-developer-19105,Collabora,"['linux', 'core systems integration']"
WordPress Engineer,https://remotive.io/remote-jobs/software-dev/wordpress-engineer-19104,Filmbot(North America),"['wordpress', 'PHP7']"
Mid-Senior Scala back-end Engineer,https://remotive.io/remote-jobs/software-dev/mid-senior-scala-back-end-engineer-19103,Findify(European timezones),"['postgresql', 'scala']"
Software Engineer,https://remotive.io/remote-jobs/software-dev/software-engineer-19026,Echo360(US only),"['react', 'Engineering']"
"Engineering Manager, Machine Learning",https://remotive.io/remote-jobs/software-dev/engineering-manager-machine-learning-19031,Wikimedia,"['machine learning', 'management', 'unix/linux']"
"Senior Full-stack Engineer (Python, JS)",https://remotive.io/remote-jobs/software-dev/senior-full-stack-engineer-python-js-19013,Draftable,"['python', 'JS']"
Senior Cloud and Automation Engineer,https://remotive.io/remote-jobs/software-dev/senior-cloud-and-automation-engineer-19010,Decagames,"['AWS', 'azure', 'git']"
Senior Web Developer,https://remotive.io/remote-jobs/software-dev/senior-web-developer-19009,Daily Kos (Kos Media)(US only),"['javascript', 'agile', 'ruby/rails']"
Senior Full Stack Engineer (Java),https://remotive.io/remote-jobs/software-dev/senior-full-stack-engineer-java-18940,Alice,"['angular.js', 'fullstack', 'java']"
Python Developer,https://remotive.io/remote-jobs/software-dev/python-developer-18939,Elevar,['python']
Senior Software Engineer,https://remotive.io/remote-jobs/software-dev/senior-software-engineer-18917,Chainlink,"['golang', 'rust', 'software development']"
Senior Full-Stack Engineer,https://remotive.io/remote-jobs/software-dev/senior-full-stack-engineer-18881,Pento,['fullstack']
"Systems Reliability Engineer, Mid.",https://remotive.io/remote-jobs/software-dev/systems-reliability-engineer-mid-18900,Qntfy(US only),"['devops', 'SRE']"
PHP Laravel Developer,https://remotive.io/remote-jobs/software-dev/php-laravel-developer-18861,ColorElephant,"['php', 'laravel']"
"Software Engineer, Mobile",https://remotive.io/remote-jobs/software-dev/software-engineer-mobile-18857,Oasis Labs(US only),"['mobile', 'security']"
Full-Stack (Elixir/Phoenix) Developer,https://remotive.io/remote-jobs/software-dev/full-stack-elixir-phoenix-developer-18859,Headway(US only),"['fullstack', 'elixir', 'phoenix']"
Lead Front-End Developer,https://remotive.io/remote-jobs/software-dev/lead-front-end-developer-18850,Soundstripe(US only),"['frontend', 'javascript', 'react']"
DevOps Engineer,https://remotive.io/remote-jobs/software-dev/devops-engineer-18849,HealthPrize(US only),['devops']
Customer Support Engineer,https://remotive.io/remote-jobs/software-dev/customer-support-engineer-18845,Parse.ly,"['customer support', 'javascript', 'sql']"
Frontend Engineer,https://remotive.io/remote-jobs/software-dev/frontend-engineer-18844,"Parse.ly(US, Canada, Mexico or Argentina)","['frontend', 'javascript', 'python']"
Principal Engineer,https://remotive.io/remote-jobs/software-dev/principal-engineer-18822,Thanx(US only),"['python', 'ruby', 'Engineering']"
Fullstack Engineer (PHP + Node.js),https://remotive.io/remote-jobs/software-dev/fullstack-engineer-php-node-js-18713,Voxnest,"['fullstack', 'node.js', 'php']"
Python Developer,https://remotive.io/remote-jobs/software-dev/python-developer-18694,Xapo,"['backend', 'python']"
Infrastructure Engineer,https://remotive.io/remote-jobs/software-dev/infrastructure-engineer-18708,Voxnest(Europe),"['AWS', 'kubernetes', 'infrastructure']"
Salesforce Developer,https://remotive.io/remote-jobs/software-dev/salesforce-developer-18711,Taskfeed(US or UK),"['salesforce', 'apex', 'visualforce']"
Senior Go Engineer,https://remotive.io/remote-jobs/software-dev/senior-go-engineer-18691,Ori,"['cloud', 'go', 'kubernetes']"
Ruby on Rails Developer,https://remotive.io/remote-jobs/software-dev/ruby-on-rails-developer-18688,Nebulab,['Ruby on Rails']
Senior Mobile Engineer,https://remotive.io/remote-jobs/software-dev/senior-mobile-engineer-18651,DuckDuckGo,"['mobile', 'ux']"
Dev Ops Engineer,https://remotive.io/remote-jobs/software-dev/dev-ops-engineer-18676,Ariya Digital,['devops']
Front-End Developer,https://remotive.io/remote-jobs/software-dev/front-end-developer-18646,Givebutter,"['frontend', 'php', 'react js']"
Lead Frontend React / Typescript Developer,https://remotive.io/remote-jobs/software-dev/lead-frontend-react-typescript-developer-18581,Datapane(Europe),"['frontend', 'react', 'Typescript']"
Senior Systems Engineer,https://remotive.io/remote-jobs/software-dev/senior-systems-engineer-18640,AirService,"['AWS', 'javascript', 'ruby']"
Ruby on Rails Developer,https://remotive.io/remote-jobs/software-dev/ruby-on-rails-developer-18577,Design Pickle(US only),"['javascript', 'postgresql', 'Ruby on Rails']"
Software Engineer,https://remotive.io/remote-jobs/software-dev/software-engineer-18551,BigBinary(US only),"['git', 'python', 'ruby']"
Senior DevOps/SRE Engineer,https://remotive.io/remote-jobs/software-dev/senior-devops-sre-engineer-18546,Wifinity(US or European timezones),"['devops', 'docker', 'SRE']"
Full-Stack Engineer,https://remotive.io/remote-jobs/software-dev/full-stack-engineer-18547,Anyplace,"['angular.js', 'fullstack', 'javascript']"
Experienced Mobile Engineer,https://remotive.io/remote-jobs/software-dev/experienced-mobile-engineer-18545,loco2(London timezone),"['mobile', 'react', 'Typescript']"
Frontend Engineer,https://remotive.io/remote-jobs/software-dev/frontend-engineer-18542,Balena,"['frontend', 'node.js', 'react']"
Kotlin/C++ Developer (Mobile),https://remotive.io/remote-jobs/software-dev/kotlin-c-developer-mobile-18543,Eyeo,"['C++', 'mobile', 'kotlin']"
Senior Infrastructure Engineer,https://remotive.io/remote-jobs/software-dev/senior-infrastructure-engineer-18416,Ghost(European timezones),"['sysadmin', 'infrastructure', 'web hosting']"
Senior Frontend Engineer,https://remotive.io/remote-jobs/software-dev/senior-frontend-engineer-18391,Flip(US only),"['frontend', 'javascript', 'react']"
Head of Infrastructure,https://remotive.io/remote-jobs/software-dev/head-of-infrastructure-18388,Loom(US only),"['devops', 'management', 'infrastructure']"
Senior Software Developer,https://remotive.io/remote-jobs/software-dev/senior-software-developer-18413,Jupiter,"['graphql', 'node.js', 'react']"
Software Engineer,https://remotive.io/remote-jobs/software-dev/software-engineer-18386,Slab(US only),"['graphql', 'javascript', 'react']"
Senior Full Stack Engineer,https://remotive.io/remote-jobs/software-dev/senior-full-stack-engineer-18348,Continu,"['fullstack', 'javascript', 'saas']"
Node.js Developer,https://remotive.io/remote-jobs/software-dev/node-js-developer-18357,Mindecs(Europe),"['backend', 'node.js', 'MondogDb']"
DevOps Engineer,https://remotive.io/remote-jobs/software-dev/devops-engineer-18383,Tenzir(Europe),"['cloud', 'CI/CD', 'UNIX']"
Developer Tooling Engineer,https://remotive.io/remote-jobs/software-dev/developer-tooling-engineer-18390,Sourceress(US only),"['Typescript', 'python 3']"
Ruby Engineer,https://remotive.io/remote-jobs/software-dev/ruby-engineer-18329,Adeva,['Ruby on Rails']
Sr. Full Stack Developer,https://remotive.io/remote-jobs/software-dev/sr-full-stack-developer-18331,Ceros,['fullstack']
Support Engineer,https://remotive.io/remote-jobs/software-dev/support-engineer-18344,Chaser(Europe),"['customer support', 'javascript', 'node.js']"
Full Stack Developer,https://remotive.io/remote-jobs/software-dev/full-stack-developer-18309,Aclaimant(North America),"['frontend', 'sql', 'ClojureScript']"
QA Engineer,https://remotive.io/remote-jobs/software-dev/qa-engineer-18303,Terminal,"['QA', 'test automation']"
C++ Engineer,https://remotive.io/remote-jobs/software-dev/c-engineer-18297,Polarity(US only),"['C++', 'windows']"
Software Engineers (iOS/Android/Web),https://remotive.io/remote-jobs/software-dev/software-engineers-ios-android-web-18289,GaiaApps(North America),"['android', 'ios', 'web']"
Developer Relations,https://remotive.io/remote-jobs/software-dev/developer-relations-18290,Aragon,"['crypto', 'documentation']"
"Security Manager, Vulnerability Research",https://remotive.io/remote-jobs/software-dev/security-manager-vulnerability-research-18293,GitLab,"['security', 'open source']"
Backend Developer,https://remotive.io/remote-jobs/software-dev/backend-developer-18287,Maze,"['AWS', 'backend', 'javascript']"
Full Stack React Developer,https://remotive.io/remote-jobs/software-dev/full-stack-react-developer-18274,Hippo Education(US only),"['fullstack', 'javascript', 'react']"
Machine Learning Infrastructure Engineer,https://remotive.io/remote-jobs/software-dev/machine-learning-infrastructure-engineer-18256,Cortex(US or Canada),['machine learning']
Senior QA Engineer,https://remotive.io/remote-jobs/software-dev/senior-qa-engineer-18211,Bonfire(US only),['QA']
Full Stack Web Developer,https://remotive.io/remote-jobs/software-dev/full-stack-web-developer-18207,Bridge US(US only),"['fullstack', 'postgresql', 'ruby/rails']"
Javascript Engineer,https://remotive.io/remote-jobs/software-dev/javascript-engineer-18210,Automattic,"['javascript', 'php', 'HTML5']"
Senior Front-end Engineer,https://remotive.io/remote-jobs/software-dev/senior-front-end-engineer-18203,DealTracker,"['frontend', 'javascript', 'react js']"
Security Engineer,https://remotive.io/remote-jobs/software-dev/security-engineer-18209,Feeld,['security']
Software Support Engineer,https://remotive.io/remote-jobs/software-dev/software-support-engineer-18127,Seeq(US only),"['customer support', 'windows', 'TCP/IP']"
Full Stack Developer,https://remotive.io/remote-jobs/software-dev/full-stack-developer-18091,NodeSWAT,"['node.js', 'react', 'vue.js']"
InnoDB Developer,https://remotive.io/remote-jobs/software-dev/innodb-developer-18088,MariaDB,"['C', 'C++', 'InnoDB']"
Full Stack Engineer,https://remotive.io/remote-jobs/software-dev/full-stack-engineer-18083,Gridium(US only),"['fullstack', 'python', 'sql']"
Senior Software Engineer (Data Science),https://remotive.io/remote-jobs/software-dev/senior-software-engineer-data-science-18080,"PigeonLine(UK, Canada, UAE)","['data science', 'python']"
Automation Engineer,https://remotive.io/remote-jobs/software-dev/automation-engineer-18079,Hoodoo Digital(US only),"['java', 'javascript', 'application testing']"
Experienced Backend Engineer - Go,https://remotive.io/remote-jobs/software-dev/experienced-backend-engineer-go-18082,Theorem,"['backend', 'go']"
DevOps Engineer,https://remotive.io/remote-jobs/software-dev/devops-engineer-18051,Modern Tribe,"['AWS', 'devops', 'php']"
"Software Engineer, Android",https://remotive.io/remote-jobs/software-dev/software-engineer-android-17973,Numbrs,"['android', 'java', 'kotlin']"
Experienced Frontend Engineer,https://remotive.io/remote-jobs/software-dev/experienced-frontend-engineer-18044,Theorem,"['frontend', 'react', 'redux']"
Software Engineer - Cloud & Data systems,https://remotive.io/remote-jobs/software-dev/software-engineer-cloud-data-systems-18018,Pubstack,"['AWS', 'go', 'data']"
Principal Engineer,https://remotive.io/remote-jobs/software-dev/principal-engineer-17941,ChartMogul,"['data', 'ELT/ETL']"
Web Applications Developer,https://remotive.io/remote-jobs/software-dev/web-applications-developer-17945,iGoelise(European timezones),"['UI/UX', 'functional programming', 'web applications']"
DevOps Engineer,https://remotive.io/remote-jobs/software-dev/devops-engineer-17940,BoxBoat(US only),"['devops', 'linux', 'IaaS']"
Full-Stack Engineer,https://remotive.io/remote-jobs/software-dev/full-stack-engineer-17939,Canny,"['fullstack', 'saas', 'B2B']"
"Manager, Software Development - Platform",https://remotive.io/remote-jobs/software-dev/manager-software-development-platform-17937,Algorithmia,"['management', 'Engineering']"
Solutions Architect,https://remotive.io/remote-jobs/software-dev/solutions-architect-17891,Platform.sh,"['AWS', 'customer support', 'web']"
Full-stack Developer,https://remotive.io/remote-jobs/software-dev/full-stack-developer-17876,Maze,"['fullstack', 'graphql', 'javascript']"
Front-end engineer,https://remotive.io/remote-jobs/software-dev/front-end-engineer-17883,Blendr.io,"['frontend', 'vue.js', 'ES6']"
Full Stack Developer,https://remotive.io/remote-jobs/software-dev/full-stack-developer-17757,Pelcro(Canada),"['fullstack', 'php', 'laravel']"
Technical Developer Evangelist,https://remotive.io/remote-jobs/software-dev/technical-developer-evangelist-17878,BlockStack,"['developer', 'open source', 'distributed systems']"
NodeJS Developer,https://remotive.io/remote-jobs/software-dev/nodejs-developer-17837,Aurity(Europe),"['AWS', 'node.js']"
Senior Software Engineer,https://remotive.io/remote-jobs/software-dev/senior-software-engineer-17833,TruMedia Networks(US only),"['AWS', 'fullstack', 'javascript']"
Full Stack Engineer,https://remotive.io/remote-jobs/software-dev/full-stack-engineer-17826,Voltus,"['fullstack', 'javascript', 'react']"
Open-Source Software Engineer - Go,https://remotive.io/remote-jobs/software-dev/open-source-software-engineer-go-17828,DataDog(US or Europe),"['go', 'open source']"
Core Database Developer,https://remotive.io/remote-jobs/software-dev/core-database-developer-17798,Timescale(US or Europe),"['C', 'C++', 'sql']"
Backend Engineer – Node,https://remotive.io/remote-jobs/software-dev/backend-engineer-node-17800,Graphy App(UK or Europe),"['backend', 'javascript', 'node.js']"
C#/ASP.NET REST-API Developer - Antivirus/Anti-Malware,https://remotive.io/remote-jobs/software-dev/c-asp-net-rest-api-developer-antivirus-anti-malware-17779,Emsisoft,"['C#', 'ASP.NET', 'Redis']"
Software Engineer (Elixir),https://remotive.io/remote-jobs/software-dev/software-engineer-elixir-17797,"Interfolio, Inc(US only)","['mySQL', 'elixir']"
Full-stack Software Engineer,https://remotive.io/remote-jobs/software-dev/full-stack-software-engineer-17696,Deel(Americas (EST) & Europe),"['CSS', 'fullstack', 'html']"
Senior Software Engineer - React Native,https://remotive.io/remote-jobs/software-dev/senior-software-engineer-react-native-17695,Echobind(US only),['react native']
Front-end Developer,https://remotive.io/remote-jobs/software-dev/front-end-developer-17677,Etch,['frontend']
Senior Front End Engineer,https://remotive.io/remote-jobs/software-dev/senior-front-end-engineer-17673,Dribbble,"['frontend', 'Ruby on Rails', 'Vanilla JS']"
Senior Python Developer,https://remotive.io/remote-jobs/software-dev/senior-python-developer-17674,Ebury,['python']
Senior Backend Software Engineer,https://remotive.io/remote-jobs/software-dev/senior-backend-software-engineer-17464,Apollo,"['backend', 'graphql', 'kubernetes']"
"Machine Learning Engineer, Mid.",https://remotive.io/remote-jobs/software-dev/machine-learning-engineer-mid-17467,Qntfy(US only),['machine learning']
Site Reliability Engineer,https://remotive.io/remote-jobs/software-dev/site-reliability-engineer-17465,Aiven(US or Europe),"['linux', 'python', 'SRE']"
Front-end Web Developer,https://remotive.io/remote-jobs/software-dev/front-end-web-developer-17297,Reaktiv Studios(US citizens only),"['frontend', 'javascript', 'wordpress']"
QA Automation Engineer (Mobile),https://remotive.io/remote-jobs/software-dev/qa-automation-engineer-mobile-17364,Nash,"['java', 'swift', 'QA']"
Software Engineer,https://remotive.io/remote-jobs/software-dev/software-engineer-17361,Nova Credit(US only),"['api', 'fullstack', 'UI/UX']"
HTML Games Developer,https://remotive.io/remote-jobs/software-dev/html-games-developer-17295,Epic Industries(UK),"['game developer', 'HTML5', 'Typescript']"
Applied Cryptography Engineer,https://remotive.io/remote-jobs/software-dev/applied-cryptography-engineer-17362,Nash,"['crypto', 'git', 'rust']"
Senior Ruby Developer,https://remotive.io/remote-jobs/software-dev/senior-ruby-developer-17294,Silverfin(European timezones),"['javascript', 'ruby', 'Ruby on Rails']"
FTP and SFTP Server Developer (Java),https://remotive.io/remote-jobs/software-dev/ftp-and-sftp-server-developer-java-17300,Files(US only),"['java', 'ftp/sftp']"
Support Developer,https://remotive.io/remote-jobs/software-dev/support-developer-17119,Last Call Media,"['customer support', 'javascript', 'php']"
Full-Stack Engineer,https://remotive.io/remote-jobs/software-dev/full-stack-engineer-17087,Commonwealth Labs(US only),"['fullstack', 'javascript', 'blockchain']"
"Senior Software Engineer, API",https://remotive.io/remote-jobs/software-dev/senior-software-engineer-api-17093,ReCharge,"['api', 'docker', 'python']"
Senior Haskell Developer,https://remotive.io/remote-jobs/software-dev/senior-haskell-developer-17028,Input Output,['haskell']
"Senior iOS Engineer, Flickr",https://remotive.io/remote-jobs/software-dev/senior-ios-engineer-flickr-17047,SmugMug(US only),"['ios', 'Objective-C']"
Senior PHP Web Application Developer (Laravel/MVC),https://remotive.io/remote-jobs/software-dev/senior-php-web-application-developer-laravel-mvc-17027,Happy Cog(US only),"['php', 'laravel']"
Sr Software Engineer - Deployment,https://remotive.io/remote-jobs/software-dev/sr-software-engineer-deployment-16985,Algorithmia(US or Canada),"['cloud', 'deployment']"
